INSERT INTO country(name) VALUES ('BELGIQUE');
INSERT INTO country(name) VALUES ('FRANCE');
INSERT INTO country(name) VALUES ('PAYS-BAS');
INSERT INTO country(name) VALUES ('LUXEMBOURG');
INSERT INTO country(name) VALUES ('ALLEMAGNE');
INSERT INTO locality(country, postalCode, name) VALUES ('BELGIQUE', '5000', 'NAMUR');
INSERT INTO locality(country, postalCode, name) VALUES ('BELGIQUE', '4000', 'LIEGE');
INSERT INTO locality(country, postalCode, name) VALUES ('BELGIQUE', '6700', 'ARLON');
INSERT INTO locality(country, postalCode, name) VALUES ('BELGIQUE', '1000', 'BRUXELLES');
INSERT INTO locality(country, postalCode, name) VALUES ('BELGIQUE', '7000', 'MONS');
INSERT INTO locality(country, postalCode, name) VALUES ('BELGIQUE', '6800', 'LIBRAMONT');
INSERT INTO locality(country, postalCode, name) VALUES ('BELGIQUE', '2000', 'ANTWERPEN');
INSERT INTO locality(country, postalCode, name) VALUES ('BELGIQUE', '3500', 'HASSELT');
INSERT INTO locality(country, postalCode, name) VALUES ('BELGIQUE', '8000', 'BRUGGE');
INSERT INTO locality(country, postalCode, name) VALUES ('BELGIQUE', '8400', 'Oostende');
INSERT INTO locality(country, postalCode, name) VALUES ('FRANCE', '59000', 'LILLE');
INSERT INTO locality(country, postalCode, name) VALUES ('LUXEMBOURG', '4520', 'NIDDERKUER');
INSERT INTO locality(country, postalCode, name) VALUES ('ALLEMAGNE', '54290', 'TRIER');
INSERT INTO locality(country, postalCode, name) VALUES ('PAYS-BAS', '1011', 'AMSTERDAM');
INSERT INTO address(idLocality, street, number) VALUES (1, "rue du séminaire", 22);
INSERT INTO address(idLocality, street, number) VALUES (1, "rue pepin", 1);
INSERT INTO address(idLocality, street, number) VALUES (1, "rue de bruxelles", 30);
INSERT INTO address(idLocality, street, number) VALUES (1, "rue rogier", 15);
INSERT INTO address(idLocality, street, number) VALUES (1, "rue de l'ange", 10);
INSERT INTO address(idLocality, street, number) VALUES (2, "boulevard d'avroy", 122);
INSERT INTO address(idLocality, street, number) VALUES (2, "rue louvrex", 23);
INSERT INTO address(idLocality, street, number) VALUES (3, "rue du casino", 5);
INSERT INTO address(idLocality, street, number) VALUES (3, "rue joseph netzer", 21);
INSERT INTO address(idLocality, street, number) VALUES (4, "rue du marché aux poulets", 55);
INSERT INTO address(idLocality, street, number) VALUES (4, "rue des bouchers", 43);
INSERT INTO address(idLocality, street, number) VALUES (5, "rue du miroir", 4);
INSERT INTO address(idLocality, street, number) VALUES (5, "rue de la raquette", 4);
INSERT INTO address(idLocality, street, number) VALUES (6, "dessous la ville", 2);
INSERT INTO address(idLocality, street, number) VALUES (6, "avenue de bouillon", 31);
INSERT INTO address(idLocality, street, number) VALUES (7, "kleine markt", 16);
INSERT INTO address(idLocality, street, number) VALUES (7, "ernest van dijckkaai", 18);
INSERT INTO address(idLocality, street, number) VALUES (8, "sint-truidersteenweg", 208);
INSERT INTO address(idLocality, street, number) VALUES (8, "maastrichterstraat", 98);
INSERT INTO address(idLocality, street, number) VALUES (9, "walplein", 26);
INSERT INTO address(idLocality, street, number) VALUES (9, "korte vuldersstraat", 31);
INSERT INTO address(idLocality, street, number) VALUES (10, "nieuwpoortsesteenweg", 215);
INSERT INTO address(idLocality, street, number) VALUES (10, "ooststraat", 22);
INSERT INTO address(idLocality, street, number) VALUES (11, "rue ratisbonne", 8);
INSERT INTO address(idLocality, street, number) VALUES (11, "boulevard victor hugo", 192);
INSERT INTO address(idLocality, street, number) VALUES (12, "rue de l'église", 58);
INSERT INTO address(idLocality, street, number) VALUES (12, "route de bascharage", 132);
INSERT INTO address(idLocality, street, number) VALUES (13, "karl-marx-straße", 14);
INSERT INTO address(idLocality, street, number) VALUES (13, "hosenstraße", 23);
INSERT INTO address(idLocality, street, number) VALUES (14, "spuistraat", 245);
INSERT INTO address(idLocality, street, number) VALUES (14, "leidsekade", 97);
INSERT INTO entity_status(code, description) VALUES ("occasionnel", "ce status correspond aux client qui ne vient pas plus de 2 fois par mois.");
INSERT INTO entity_status(code, description) VALUES ("habitué", "ce status correspond aux client venant plus de 2 fois par mois.");
INSERT INTO contact_type(name)  VALUES ('téléphone pro');
INSERT INTO contact_type(name) VALUES ('adresse email');
INSERT INTO contact_type(name) VALUES ('téléphone perso');
INSERT INTO business_entity(lastName, firstName, birthDate, isCustomer, isSupplier, creditLimit, codeStatus, idAddress, hashPassword, salt) VALUES ("Marton", "Cédric", "2001-08-17", true, false, 1000, "habitué", 1, "StarWars212", "wep");
INSERT INTO business_entity(lastName, firstName, birthDate, isCustomer, isSupplier, creditLimit, codeStatus, idAddress, hashPassword, salt) VALUES ("Barbosa", "Diego", "1999-11-29", true, true, 50000, "habitué", 2, "bidondon", "don");
INSERT INTO business_entity(lastName, firstName, birthDate, isCustomer, isSupplier, creditLimit, codeStatus, idAddress, hashPassword, salt) VALUES ("Therasse", "Nathan", "2001-12-09", true, false, NULL, "occasionnel", 3, "Fanny", "xxbgul");
INSERT INTO business_entity(lastName, firstName, birthDate, isCustomer, isSupplier, creditLimit, codeStatus, idAddress, hashPassword, salt) VALUES ("Baras", "Cyril", "2001-06-14", true, true, 200, "habitué", 4, "liquideCadavérique", "mrgx");
INSERT INTO business_entity(lastName, firstName, birthDate, isCustomer, isSupplier, creditLimit, codeStatus, idAddress, hashPassword, salt) VALUES ("Frémy", "Justin", "2003-06-18", false, true, NULL, NULL, 5, "Bydondon", "juste");
INSERT INTO business_entity(lastName, firstName, birthDate, isCustomer, isSupplier, creditLimit, codeStatus, idAddress, hashPassword, salt) VALUES ("Doucet", "Valentin", "2003-04-16", true, false, NULL, "occasionnel", 6, "Quoicoube", "capibara");
INSERT INTO business_entity(lastName, firstName, birthDate, isCustomer, isSupplier, creditLimit, codeStatus, idAddress, hashPassword, salt) VALUES ("Macque", "Margaux", NULL, false, true, NULL, NULL, 7, "WHO", "SHE");
INSERT INTO business_entity(lastName, firstName, birthDate, isCustomer, isSupplier, creditLimit, codeStatus, idAddress, hashPassword, salt) VALUES ("FANNY", "FANNY", "2002-12-20", true, false, NULL, "occasionnel", 8, "FANNY", "FANNY");
INSERT INTO business_entity(lastName, firstName, birthDate, isCustomer, isSupplier, creditLimit, codeStatus, idAddress, hashPassword, salt) VALUES ("Glesner", "Marguerite", "2001-04-13", true, false, 1000, "habitué", 9, "Romance15", "LOVE");
INSERT INTO business_entity(lastName, firstName, birthDate, isCustomer, isSupplier, creditLimit, codeStatus, idAddress, hashPassword, salt) VALUES ("Coca-Cola", NULL, NULL, false, true, NULL, NULL, 10, "CocaLight12", "CCCL");
INSERT INTO business_entity(lastName, firstName, birthDate, isCustomer, isSupplier, creditLimit, codeStatus, idAddress, hashPassword, salt) VALUES ("Elfic", NULL, NULL, false, true, NULL, NULL, 11, "Michael", "Val");
INSERT INTO business_entity(lastName, firstName, birthDate, isCustomer, isSupplier, creditLimit, codeStatus, idAddress, hashPassword, salt) VALUES ("Jupiler", NULL, NULL, false, true, NULL, NULL, 12, "LesHommesSavent", "pq");
INSERT INTO business_entity(lastName, firstName, birthDate, isCustomer, isSupplier, creditLimit, codeStatus, idAddress, hashPassword, salt) VALUES ("Carter", "Jhon", "1996-03-24", true, false, NULL, "occasionnel", 13, "MarsCowboy", "Disney");
INSERT INTO business_entity(lastName, firstName, birthDate, isCustomer, isSupplier, creditLimit, codeStatus, idAddress, hashPassword, salt) VALUES ("Skywalker", "Anakin", "1999-05-19", true, false, 1000, "habitué", 14, "Tatooine", "hateSand");
INSERT INTO business_entity(lastName, firstName, birthDate, isCustomer, isSupplier, creditLimit, codeStatus, idAddress, hashPassword, salt) VALUES ("Kenobi", "Obi-Wan", "1999-05-19", true, true, 2000, "habitué", 15, "Satine", "sad");
INSERT INTO business_entity(lastName, firstName, birthDate, isCustomer, isSupplier, creditLimit, codeStatus, idAddress, hashPassword, salt) VALUES ("Ashoka", "Tano", "2008-08-20", true, false, 500, "habitué", 16, "Chopper", "Snips");
INSERT INTO business_entity(lastName, firstName, birthDate, isCustomer, isSupplier, creditLimit, codeStatus, idAddress, hashPassword, salt) VALUES ("Captain", "Rex", "2008-08-20", true, true, 2000, "habitué", 17, "InMyBookExperienceOutrank", "Everything");
INSERT INTO business_entity(lastName, firstName, birthDate, isCustomer, isSupplier, creditLimit, codeStatus, idAddress, hashPassword, salt) VALUES ("Commander", "Cody", "2008-08-20", false, true, NULL, NULL, 18, "ThereIsAlwaysAWay", "Wooley");
INSERT INTO business_entity(lastName, firstName, birthDate, isCustomer, isSupplier, creditLimit, codeStatus, idAddress, hashPassword, salt) VALUES ("Commander", "Wolffe", "2008-10-03", true, false, NULL, "occasionnel", 19, "FromWhatIHearSkywalkerIsAlwaysReadyForA", "Fight");
INSERT INTO business_entity(lastName, firstName, birthDate, isCustomer, isSupplier, creditLimit, codeStatus, idAddress, hashPassword, salt) VALUES ("Koon", "Plo", "1999-05-19", true, false, NULL, "occasionnel", 20, "IAmProudOfYou", "LittleSoka");
INSERT INTO business_entity(lastName, firstName, birthDate, isCustomer, isSupplier, creditLimit, codeStatus, idAddress, hashPassword, salt) VALUES ("Skywalker", "Luke", "1977-10-27", true, false, NULL, "occasionnel", 21, "IAmAJediLikeMyFatherBefore", "Me");
INSERT INTO business_entity(lastName, firstName, birthDate, isCustomer, isSupplier, creditLimit, codeStatus, idAddress, hashPassword, salt) VALUES ("Organa", "Leia", "1977-10-27", true, false, 5000, "habitué", 22, "ObiWanKenobiYouAreMyOnly", "Hope");
INSERT INTO business_entity(lastName, firstName, birthDate, isCustomer, isSupplier, creditLimit, codeStatus, idAddress, hashPassword, salt) VALUES ("Solo", "Han", "1977-10-27", true, true, NULL, "occasionnel", 23, "Punch", "It");
INSERT INTO business_entity(lastName, firstName, birthDate, isCustomer, isSupplier, creditLimit, codeStatus, idAddress, hashPassword, salt) VALUES ("Chewie", NULL, "1977-10-27", false, true, NULL, NULL, 24, "RRWWWGG", "GGWWWRGHH");
INSERT INTO business_entity(lastName, firstName, birthDate, isCustomer, isSupplier, creditLimit, codeStatus, idAddress, hashPassword, salt) VALUES ("Darth", "Vader", "1977-10-27", true, true, 100000, "habitué", 25, "IFindYourLackOfFaith", "Disturbing");
INSERT INTO business_entity(lastName, firstName, birthDate, isCustomer, isSupplier, creditLimit, codeStatus, idAddress, hashPassword, salt) VALUES ("Emperor", "Palpatine", "1980-09-04", true, true, 10000, "habitué", 26, "Power!", "UnlimitedPower!");
INSERT INTO business_entity(lastName, firstName, birthDate, isCustomer, isSupplier, creditLimit, codeStatus, idAddress, hashPassword, salt) VALUES ("Darth", "Maul", "1999-05-19", true, false, NULL, "occasionnel", 27, "Kenobi", "Keeenooobiiiiiii");
INSERT INTO business_entity(lastName, firstName, birthDate, isCustomer, isSupplier, creditLimit, codeStatus, idAddress, hashPassword, salt) VALUES ("GalacticRepublic", NULL, NULL, false, true, NULL, NULL, 28, "Corruscant", "Galaxy");
INSERT INTO business_entity(lastName, firstName, birthDate, isCustomer, isSupplier, creditLimit, codeStatus, idAddress, hashPassword, salt) VALUES ("GalacticEmpire", NULL, NULL, false, true, NULL, NULL, 29, "PeaceToTheNew", "Empire");
INSERT INTO business_entity(lastName, firstName, birthDate, isCustomer, isSupplier, creditLimit, codeStatus, idAddress, hashPassword, salt) VALUES ("Skywalker", "Rey", "2015-12-06", true, false, NULL, "occasionnel", 30, "Fake", "Skywalker");
INSERT INTO business_entity(lastName, firstName, birthDate, isCustomer, isSupplier, creditLimit, codeStatus, idAddress, hashPassword, salt) VALUES ("Ren", "Kylo", "2015-12-06", true, false, NULL, "occasionnel", 31, "TropDark", "EtNul");
INSERT INTO person_of_contact(serialNumberCompany, serialNumberPerson) VALUES (11, 1);
INSERT INTO person_of_contact(serialNumberCompany, serialNumberPerson) VALUES (28, 17);
INSERT INTO person_of_contact(serialNumberCompany, serialNumberPerson) VALUES (18, 15);
INSERT INTO person_of_contact(serialNumberCompany, serialNumberPerson) VALUES (28, 19);
INSERT INTO person_of_contact(serialNumberCompany, serialNumberPerson) VALUES (29, 25);
INSERT INTO person_of_contact(serialNumberCompany, serialNumberPerson) VALUES (29, 26);
INSERT INTO person_of_contact(serialNumberCompany, serialNumberPerson) VALUES (7, 4);
INSERT INTO person_of_contact(serialNumberCompany, serialNumberPerson) VALUES (10, 3);
INSERT INTO person_of_contact(serialNumberCompany, serialNumberPerson) VALUES (12, 2);
INSERT INTO person_of_contact(serialNumberCompany, serialNumberPerson) VALUES (15, 14);
INSERT INTO person_of_contact(serialNumberCompany, serialNumberPerson) VALUES (17, 16);
INSERT INTO person_of_contact(serialNumberCompany, serialNumberPerson) VALUES (24, 23);
INSERT INTO bank_informations(accountUser, IBAN, BICCode) VALUES (1, "LU1234", "BGL");
INSERT INTO bank_informations(accountUser, IBAN, BICCode) VALUES (2, "BE1234", "ING");
INSERT INTO bank_informations(accountUser, IBAN, BICCode) VALUES (3, "BE2345", "BNP");
INSERT INTO bank_informations(accountUser, IBAN, BICCode) VALUES (4, "BE3456", "FIUS");
INSERT INTO bank_informations(accountUser, IBAN, BICCode) VALUES (5, "BE4567", "BNP");
INSERT INTO bank_informations(accountUser, IBAN, BICCode) VALUES (6, "BE5678", "FIUS");
INSERT INTO bank_informations(accountUser, IBAN, BICCode) VALUES (7, "BE6789", "ING");
INSERT INTO bank_informations(accountUser, IBAN, BICCode) VALUES (8, "BE7890", NULL);
INSERT INTO bank_informations(accountUser, IBAN, BICCode) VALUES (9, "BE0123", "FIUS");
INSERT INTO bank_informations(accountUser, IBAN, BICCode) VALUES (10, "USA1234", "BOA");
INSERT INTO bank_informations(accountUser, IBAN, BICCode) VALUES (11, "BE1357", "BEL");
INSERT INTO bank_informations(accountUser, IBAN, BICCode) VALUES (12, "BE0246", "BEL");
INSERT INTO bank_informations(accountUser, IBAN, BICCode) VALUES (13, "USA2345", "BOA");
INSERT INTO bank_informations(accountUser, IBAN, BICCode) VALUES (14, "GAL1234", "BBE");
INSERT INTO bank_informations(accountUser, IBAN, BICCode) VALUES (15, "GAL2345", "CJB");
INSERT INTO bank_informations(accountUser, IBAN, BICCode) VALUES (16, "GAL3456", NULL);
INSERT INTO bank_informations(accountUser, IBAN, BICCode) VALUES (17, "CT7567", "BOK");
INSERT INTO bank_informations(accountUser, IBAN, BICCode) VALUES (18, "CC2224", "BOK");
INSERT INTO bank_informations(accountUser, IBAN, BICCode) VALUES (19, "CC3636", "BOK");
INSERT INTO bank_informations(accountUser, IBAN, BICCode) VALUES (20, "GAL4567", "CJB");
INSERT INTO bank_informations(accountUser, IBAN, BICCode) VALUES (21, "GE1234", "BOR");
INSERT INTO bank_informations(accountUser, IBAN, BICCode) VALUES (22, "GE2345", "BOA");
INSERT INTO bank_informations(accountUser, IBAN, BICCode) VALUES (23, "GE3456", "CoB");
INSERT INTO bank_informations(accountUser, IBAN, BICCode) VALUES (24, "GAL5678", NULL);
INSERT INTO bank_informations(accountUser, IBAN, BICCode) VALUES (25, "GE0001", "SEB");
INSERT INTO bank_informations(accountUser, IBAN, BICCode) VALUES (26, "GE0000", "SEB");
INSERT INTO bank_informations(accountUser, IBAN, BICCode) VALUES (27, "GAL6789", "BBE");
INSERT INTO bank_informations(accountUser, IBAN, BICCode) VALUES (28, "GAL0000", "CSB");
INSERT INTO bank_informations(accountUser, IBAN, BICCode) VALUES (29, "GE0002", "CSB");
INSERT INTO bank_informations(accountUser, IBAN, BICCode) VALUES (30, "NR666", "BOJ");
INSERT INTO bank_informations(accountUser, IBAN, BICCode) VALUES (31, "FO666", "BOFO");
INSERT INTO contact(entity, typeName, data) VALUES (1, "téléphone pro", "003521");
INSERT INTO contact(entity, typeName, data) VALUES (2, "adresse email", "diego.barbosa@henallux.be");
INSERT INTO contact(entity, typeName, data) VALUES (3, "téléphone perso", "00321");
INSERT INTO contact(entity, typeName, data) VALUES (4, "téléphone pro", "003522");
INSERT INTO contact(entity, typeName, data) VALUES (5, "adresse email", "justin.fremy@henallux.be");
INSERT INTO contact(entity, typeName, data) VALUES (6, "téléphone perso", "00322");
INSERT INTO contact(entity, typeName, data) VALUES (7, "téléphone pro", "003523");
INSERT INTO contact(entity, typeName, data) VALUES (8, "adresse email", "fanny.fanny@fanny.com");
INSERT INTO contact(entity, typeName, data) VALUES (9, "téléphone perso", "00323");
INSERT INTO contact(entity, typeName, data) VALUES (10, "téléphone pro", "003524");
INSERT INTO contact(entity, typeName, data) VALUES (11, "adresse email", "brasserie.elfique@hotmail.be");
INSERT INTO contact(entity, typeName, data) VALUES (12, "téléphone perso", "00324");
INSERT INTO contact(entity, typeName, data) VALUES (13, "téléphone pro", "003525");
INSERT INTO contact(entity, typeName, data) VALUES (14, "adresse email", "anakin.skywalker@tatooine.boe");
INSERT INTO contact(entity, typeName, data) VALUES (15, "téléphone perso", "00325");
INSERT INTO contact(entity, typeName, data) VALUES (16, "téléphone pro", "003526");
INSERT INTO contact(entity, typeName, data) VALUES (17, "adresse email", "cptn.rex.the.best@clonetrooper.kamino");
INSERT INTO contact(entity, typeName, data) VALUES (18, "téléphone perso", "00326");
INSERT INTO contact(entity, typeName, data) VALUES (19, "téléphone pro", "003527");
INSERT INTO contact(entity, typeName, data) VALUES (20, "adresse email", "master.plo.koon@jeditemple.net");
INSERT INTO contact(entity, typeName, data) VALUES (21, "téléphone perso", "00327");
INSERT INTO contact(entity, typeName, data) VALUES (22, "téléphone pro", "003528");
INSERT INTO contact(entity, typeName, data) VALUES (23, "adresse email", "han.solo@correlia.darknet");
INSERT INTO contact(entity, typeName, data) VALUES (24, "téléphone perso", "00328");
INSERT INTO contact(entity, typeName, data) VALUES (25, "téléphone pro", "003529");
INSERT INTO contact(entity, typeName, data) VALUES (26, "adresse email", "emperor@senate.me");
INSERT INTO contact(entity, typeName, data) VALUES (27, "téléphone perso", "00329");
INSERT INTO contact(entity, typeName, data) VALUES (28, "téléphone pro", "003520");
INSERT INTO contact(entity, typeName, data) VALUES (29, "adresse email", "galactique.empire.client@senate.ge");
INSERT INTO contact(entity, typeName, data) VALUES (30, "téléphone perso", "00320");
INSERT INTO contact(entity, typeName, data) VALUES (31, "téléphone pro", "0035211");
INSERT INTO workflow_type(code, description) VALUES ("client", "cela correspond à tous les workflows entre nous et un client.");
INSERT INTO workflow_type(code, description) VALUES ("fournisseur", "cela correspond à tous les workflows entre nous et un fournisseur.");
INSERT INTO workflow(isOver, serialNumberEntity, type) VALUES (true, 1, "client");
INSERT INTO workflow(isOver, serialNumberEntity, type) VALUES (false, 1, "client");
INSERT INTO workflow(isOver, serialNumberEntity, type) VALUES (false, 2,"client");
INSERT INTO workflow(isOver, serialNumberEntity, type) VALUES (true, 2, "client");
INSERT INTO workflow(isOver, serialNumberEntity, type) VALUES (false, 3, "client");
INSERT INTO workflow(isOver, serialNumberEntity, type) VALUES (false, 3, "client");
INSERT INTO workflow(isOver, serialNumberEntity, type) VALUES (true, 4, "client");
INSERT INTO workflow(isOver, serialNumberEntity, type) VALUES (false, 4, "fournisseur");
INSERT INTO workflow(isOver, serialNumberEntity, type) VALUES (false, 5, "fournisseur");
INSERT INTO workflow(isOver, serialNumberEntity, type) VALUES (true, 5, "fournisseur");
INSERT INTO workflow(isOver, serialNumberEntity, type) VALUES (false, 6, "client");
INSERT INTO workflow(isOver, serialNumberEntity, type) VALUES (false, 6, "client");
INSERT INTO workflow(isOver, serialNumberEntity, type) VALUES (true, 7, "fournisseur");
INSERT INTO workflow(isOver, serialNumberEntity, type) VALUES (false, 7, "fournisseur");
INSERT INTO workflow(isOver, serialNumberEntity, type) VALUES (false, 8, "client");
INSERT INTO workflow(isOver, serialNumberEntity, type) VALUES (true, 8, "client");
INSERT INTO workflow(isOver, serialNumberEntity, type) VALUES (false, 9, "client");
INSERT INTO workflow(isOver, serialNumberEntity, type) VALUES (false, 9, "client");
INSERT INTO workflow(isOver, serialNumberEntity, type) VALUES (true, 10, "fournisseur");
INSERT INTO workflow(isOver, serialNumberEntity, type) VALUES (false, 10, "fournisseur");
INSERT INTO workflow(isOver, serialNumberEntity, type) VALUES (false, 11, "fournisseur");
INSERT INTO workflow(isOver, serialNumberEntity, type) VALUES (true, 11, "fournisseur");
INSERT INTO workflow(isOver, serialNumberEntity, type) VALUES (false, 12, "fournisseur");
INSERT INTO workflow(isOver, serialNumberEntity, type) VALUES (false, 12, "fournisseur");
INSERT INTO workflow(isOver, serialNumberEntity, type) VALUES (true, 13, "client");
INSERT INTO workflow(isOver, serialNumberEntity, type) VALUES (false, 13, "client");
INSERT INTO workflow(isOver, serialNumberEntity, type) VALUES (false, 14, "client");
INSERT INTO workflow(isOver, serialNumberEntity, type) VALUES (true, 14, "client");
INSERT INTO workflow(isOver, serialNumberEntity, type) VALUES (false, 15, "client");
INSERT INTO workflow(isOver, serialNumberEntity, type) VALUES (false, 15, "fournisseur");
INSERT INTO workflow(isOver, serialNumberEntity, type) VALUES (true, 16, "client");
INSERT INTO workflow(isOver, serialNumberEntity, type) VALUES (false, 16, "client");
INSERT INTO workflow(isOver, serialNumberEntity, type) VALUES (false, 17, "client");
INSERT INTO workflow(isOver, serialNumberEntity, type) VALUES (true, 17, "fournisseur");
INSERT INTO workflow(isOver, serialNumberEntity, type) VALUES (false, 18, "fournisseur");
INSERT INTO workflow(isOver, serialNumberEntity, type) VALUES (false, 18, "fournisseur");
INSERT INTO workflow(isOver, serialNumberEntity, type) VALUES (true, 19, "client");
INSERT INTO workflow(isOver, serialNumberEntity, type) VALUES (false, 19, "client");
INSERT INTO workflow(isOver, serialNumberEntity, type) VALUES (false, 20, "client");
INSERT INTO workflow(isOver, serialNumberEntity, type) VALUES (true, 20, "client");
INSERT INTO workflow(isOver, serialNumberEntity, type) VALUES (false, 21, "client");
INSERT INTO workflow(isOver, serialNumberEntity, type) VALUES (false, 21, "client");
INSERT INTO workflow(isOver, serialNumberEntity, type) VALUES (true, 22, "client");
INSERT INTO workflow(isOver, serialNumberEntity, type) VALUES (false, 22, "client");
INSERT INTO workflow(isOver, serialNumberEntity, type) VALUES (false, 23, "client");
INSERT INTO workflow(isOver, serialNumberEntity, type) VALUES (true, 23, "fournisseur");
INSERT INTO workflow(isOver, serialNumberEntity, type) VALUES (false, 24, "fournisseur");
INSERT INTO workflow(isOver, serialNumberEntity, type) VALUES (true, 24, "fournisseur");
INSERT INTO workflow(isOver, serialNumberEntity, type) VALUES (false, 25, "client");
INSERT INTO workflow(isOver, serialNumberEntity, type) VALUES (false, 25, "fournisseur");
INSERT INTO workflow(isOver, serialNumberEntity, type) VALUES (true, 26, "client");
INSERT INTO workflow(isOver, serialNumberEntity, type) VALUES (false, 26, "fournisseur");
INSERT INTO workflow(isOver, serialNumberEntity, type) VALUES (false, 27, "client");
INSERT INTO workflow(isOver, serialNumberEntity, type) VALUES (true, 27, "client");
INSERT INTO workflow(isOver, serialNumberEntity, type) VALUES (false, 28, "fournisseur");
INSERT INTO workflow(isOver, serialNumberEntity, type) VALUES (false, 28, "fournisseur");
INSERT INTO workflow(isOver, serialNumberEntity, type) VALUES (true, 29, "fournisseur");
INSERT INTO workflow(isOver, serialNumberEntity, type) VALUES (false, 29, "fournisseur");
INSERT INTO workflow(isOver, serialNumberEntity, type) VALUES (false, 30, "client");
INSERT INTO document_type(code, description) VALUES ("FactureC", "Correspond à une facture client.");
INSERT INTO document_type(code, description) VALUES ("FactureF", "Correspond à une facture pour le fournisseur.");
INSERT INTO document_type(code, description) VALUES ("Bon livraison", "Correspond au bon que le livreur doit remettre au client.");
INSERT INTO document_type(code, description) VALUES ("Bon de reçu", "Correspond au bon de livraison reçu par le livreur du fournisseur.");
INSERT INTO document_type(code, description) VALUES ("Rappel", "Correspond au document que nous envoyons aux client qui n'ont pas encore payé après deux semaines.");
INSERT INTO document_status(code, description) VALUES ("En cours", "Correspond au status de tous les document qui ne sont pas terminés.");
INSERT INTO document_status(code, description) VALUES ("Fini", "Correspond au status de tous les document qui sont terminés.");
INSERT INTO document_status(code, description) VALUES ("A faire", "Correspond au status de tous les document qui ne sont pas encore commencés.");
INSERT INTO document(type, documentNumber, date, priceVATExcluded, priceVATIncluded, paymentDeadline, workflowId, status) VALUES ("FactureC", 1, CURDATE(), 15.8, 20, null, 1, "Fini");
INSERT INTO document(type, documentNumber, date, priceVATExcluded, priceVATIncluded, paymentDeadline, workflowId, status) VALUES ("Bon livraison", 1, CURDATE(),7.9, 10, null, 1, "Fini");
INSERT INTO document(type, documentNumber, date, priceVATExcluded, priceVATIncluded, paymentDeadline, workflowId, status) VALUES ("FactureC", 2, CURDATE(), 15.8, 20, DATE_ADD(date, INTERVAL 2 WEEK), 2, "En cours");
INSERT INTO document(type, documentNumber, date, priceVATExcluded, priceVATIncluded, paymentDeadline, workflowId, status) VALUES ("FactureC", 3, CURDATE(), 15.8, 20, DATE_ADD(date, INTERVAL 2 WEEK), 3, "En cours");
INSERT INTO document(type, documentNumber, date, priceVATExcluded, priceVATIncluded, paymentDeadline, workflowId, status) VALUES ("FactureC", 4, CURDATE(), 15.8, 20, null, 4, "Fini");
INSERT INTO document(type, documentNumber, date, priceVATExcluded, priceVATIncluded, paymentDeadline, workflowId, status) VALUES ("Bon livraison", 2, CURDATE(),7.9, 10, null, 4, "Fini");
INSERT INTO document(type, documentNumber, date, priceVATExcluded, priceVATIncluded, paymentDeadline, workflowId, status) VALUES ("FactureC", 5, CURDATE(), 15.8, 20, DATE_ADD(date, INTERVAL 2 WEEK), 5, "En cours");
INSERT INTO document(type, documentNumber, date, priceVATExcluded, priceVATIncluded, paymentDeadline, workflowId, status) VALUES ("FactureC", 6, CURDATE(), 15.8, 20, null, 7, "Fini");
INSERT INTO document(type, documentNumber, date, priceVATExcluded, priceVATIncluded, paymentDeadline, workflowId, status) VALUES ("Bon livraison", 3, CURDATE(),7.9, 10, null, 7, "Fini");
INSERT INTO document(type, documentNumber, date, priceVATExcluded, priceVATIncluded, paymentDeadline, workflowId, status) VALUES ("FactureF", 1, CURDATE(), 79, 100, DATE_ADD(date, INTERVAL 2 WEEK), 8, "A faire");
INSERT INTO document(type, documentNumber, date, priceVATExcluded, priceVATIncluded, paymentDeadline, workflowId, status) VALUES ("FactureF", 2, CURDATE(), 39.5, 50, DATE_ADD(date, INTERVAL 2 WEEK), 9, "A faire");
INSERT INTO document(type, documentNumber, date, priceVATExcluded, priceVATIncluded, paymentDeadline, workflowId, status) VALUES ("FactureF", 3, CURDATE(), 79, 100, null, 10, "Fini");
INSERT INTO document(type, documentNumber, date, priceVATExcluded, priceVATIncluded, paymentDeadline, workflowId, status) VALUES ("Bon de reçu", 1, CURDATE(), 15.8, 20, null, 10, "Fini");
INSERT INTO document(type, documentNumber, date, priceVATExcluded, priceVATIncluded, paymentDeadline, workflowId, status) VALUES ("FactureC", 7, CURDATE(), 15.8, 20, DATE_ADD(date, INTERVAL 2 WEEK), 11, "En cours");
INSERT INTO document(type, documentNumber, date, priceVATExcluded, priceVATIncluded, paymentDeadline, workflowId, status) VALUES ("FactureF", 4, CURDATE(), 39.5, 50, null, 13, "Fini");
INSERT INTO document(type, documentNumber, date, priceVATExcluded, priceVATIncluded, paymentDeadline, workflowId, status) VALUES ("Bon de reçu", 2, CURDATE(), 15.8, 20, null, 13, "Fini");
INSERT INTO document(type, documentNumber, date, priceVATExcluded, priceVATIncluded, paymentDeadline, workflowId, status) VALUES ("FactureF", 5, CURDATE(), 79, 100, DATE_ADD(date, INTERVAL 2 WEEK), 14, "A faire");
INSERT INTO document(type, documentNumber, date, priceVATExcluded, priceVATIncluded, paymentDeadline, workflowId, status) VALUES ("FactureC", 8, CURDATE(), 15.8, 20, DATE_ADD(date, INTERVAL 2 WEEK), 15, "En cours");
INSERT INTO document(type, documentNumber, date, priceVATExcluded, priceVATIncluded, paymentDeadline, workflowId, status) VALUES ("FactureC", 9, CURDATE(), 15.8, 20, null, 16, "Fini");
INSERT INTO document(type, documentNumber, date, priceVATExcluded, priceVATIncluded, paymentDeadline, workflowId, status) VALUES ("Bon livraison", 4, CURDATE(),7.9, 10, null, 16, "Fini");
INSERT INTO document(type, documentNumber, date, priceVATExcluded, priceVATIncluded, paymentDeadline, workflowId, status) VALUES ("FactureC", 10, CURDATE(), 15.8, 20, DATE_ADD(date, INTERVAL 2 WEEK), 17, "En cours");
INSERT INTO document(type, documentNumber, date, priceVATExcluded, priceVATIncluded, paymentDeadline, workflowId, status) VALUES ("FactureF", 6, CURDATE(), 39.5, 50, null, 19, "Fini");
INSERT INTO document(type, documentNumber, date, priceVATExcluded, priceVATIncluded, paymentDeadline, workflowId, status) VALUES ("Bon de reçu", 3, CURDATE(), 15.8, 20, null, 19, "Fini");
INSERT INTO document(type, documentNumber, date, priceVATExcluded, priceVATIncluded, paymentDeadline, workflowId, status) VALUES ("FactureF", 7, CURDATE(), 79, 100, DATE_ADD(date, INTERVAL 2 WEEK), 20, "A faire");
INSERT INTO document(type, documentNumber, date, priceVATExcluded, priceVATIncluded, paymentDeadline, workflowId, status) VALUES ("FactureF", 8, CURDATE(), 39.5, 50, DATE_ADD(date, INTERVAL 2 WEEK), 21, "A faire");
INSERT INTO document(type, documentNumber, date, priceVATExcluded, priceVATIncluded, paymentDeadline, workflowId, status) VALUES ("FactureF", 9, CURDATE(), 79, 100, null, 22, "Fini");
INSERT INTO document(type, documentNumber, date, priceVATExcluded, priceVATIncluded, paymentDeadline, workflowId, status) VALUES ("Bon de reçu", 4, CURDATE(), 15.8, 20, null, 22, "Fini");
INSERT INTO document(type, documentNumber, date, priceVATExcluded, priceVATIncluded, paymentDeadline, workflowId, status) VALUES ("FactureF", 10, CURDATE(), 39.5, 50, DATE_ADD(date, INTERVAL 2 WEEK), 23, "A faire");
INSERT INTO document(type, documentNumber, date, priceVATExcluded, priceVATIncluded, paymentDeadline, workflowId, status) VALUES ("FactureC", 11, CURDATE(), 15.8, 20, null, 25, "Fini");
INSERT INTO document(type, documentNumber, date, priceVATExcluded, priceVATIncluded, paymentDeadline, workflowId, status) VALUES ("Bon livraison", 5, CURDATE(),7.9, 10, null, 25, "Fini");
INSERT INTO document(type, documentNumber, date, priceVATExcluded, priceVATIncluded, paymentDeadline, workflowId, status) VALUES ("FactureC", 12, CURDATE(), 15.8, 20, DATE_ADD(date, INTERVAL 2 WEEK), 26, "En cours");
INSERT INTO document(type, documentNumber, date, priceVATExcluded, priceVATIncluded, paymentDeadline, workflowId, status) VALUES ("FactureC", 13, CURDATE(), 15.8, 20, DATE_ADD(date, INTERVAL 2 WEEK), 27, "En cours");
INSERT INTO document(type, documentNumber, date, priceVATExcluded, priceVATIncluded, paymentDeadline, workflowId, status) VALUES ("FactureC", 14, CURDATE(), 15.8, 20, null, 28, "Fini");
INSERT INTO document(type, documentNumber, date, priceVATExcluded, priceVATIncluded, paymentDeadline, workflowId, status) VALUES ("Bon livraison", 6, CURDATE(),7.9, 10, null, 28, "Fini");
INSERT INTO document(type, documentNumber, date, priceVATExcluded, priceVATIncluded, paymentDeadline, workflowId, status) VALUES ("FactureC", 15, CURDATE(), 15.8, 20, DATE_ADD(date, INTERVAL 2 WEEK), 29, "En cours");
INSERT INTO document(type, documentNumber, date, priceVATExcluded, priceVATIncluded, paymentDeadline, workflowId, status) VALUES ("FactureC", 16, CURDATE(), 15.8, 20, null, 31, "Fini");
INSERT INTO document(type, documentNumber, date, priceVATExcluded, priceVATIncluded, paymentDeadline, workflowId, status) VALUES ("Bon livraison", 7, CURDATE(),7.9, 10, null, 31, "Fini");
INSERT INTO document(type, documentNumber, date, priceVATExcluded, priceVATIncluded, paymentDeadline, workflowId, status) VALUES ("FactureC", 17, CURDATE(), 15.8, 20, DATE_ADD(date, INTERVAL 2 WEEK), 32, "En cours");
INSERT INTO document(type, documentNumber, date, priceVATExcluded, priceVATIncluded, paymentDeadline, workflowId, status) VALUES ("FactureC", 18, CURDATE(), 15.8, 20, DATE_ADD(date, INTERVAL 2 WEEK), 33, "En cours");
INSERT INTO document(type, documentNumber, date, priceVATExcluded, priceVATIncluded, paymentDeadline, workflowId, status) VALUES ("FactureF", 11, CURDATE(), 79, 100, null, 34, "Fini");
INSERT INTO document(type, documentNumber, date, priceVATExcluded, priceVATIncluded, paymentDeadline, workflowId, status) VALUES ("Bon de reçu", 5, CURDATE(), 15.8, 20, null, 34, "Fini");
INSERT INTO document(type, documentNumber, date, priceVATExcluded, priceVATIncluded, paymentDeadline, workflowId, status) VALUES ("FactureF", 12, CURDATE(), 39.5, 50, DATE_ADD(date, INTERVAL 2 WEEK), 35, "A faire");
INSERT INTO document(type, documentNumber, date, priceVATExcluded, priceVATIncluded, paymentDeadline, workflowId, status) VALUES ("FactureC", 19, CURDATE(), 15.8, 20, null, 37, "Fini");
INSERT INTO document(type, documentNumber, date, priceVATExcluded, priceVATIncluded, paymentDeadline, workflowId, status) VALUES ("Bon livraison", 8, CURDATE(),7.9, 10, null, 37, "Fini");
INSERT INTO document(type, documentNumber, date, priceVATExcluded, priceVATIncluded, paymentDeadline, workflowId, status) VALUES ("FactureC", 20, CURDATE(), 15.8, 20, DATE_ADD(date, INTERVAL 2 WEEK), 38, "En cours");
INSERT INTO document(type, documentNumber, date, priceVATExcluded, priceVATIncluded, paymentDeadline, workflowId, status) VALUES ("FactureF", 13, CURDATE(), 79, 100, DATE_ADD(date, INTERVAL 2 WEEK), 39, "A faire");
INSERT INTO document(type, documentNumber, date, priceVATExcluded, priceVATIncluded, paymentDeadline, workflowId, status) VALUES ("FactureC", 21, CURDATE(), 15.8, 20, null, 40, "Fini");
INSERT INTO document(type, documentNumber, date, priceVATExcluded, priceVATIncluded, paymentDeadline, workflowId, status) VALUES ("Bon livraison", 9, CURDATE(),7.9, 10, null, 40, "Fini");
INSERT INTO document(type, documentNumber, date, priceVATExcluded, priceVATIncluded, paymentDeadline, workflowId, status) VALUES ("FactureC", 22, CURDATE(), 15.8, 20, DATE_ADD(date, INTERVAL 2 WEEK), 41, "En cours");
INSERT INTO document(type, documentNumber, date, priceVATExcluded, priceVATIncluded, paymentDeadline, workflowId, status) VALUES ("FactureC", 23, CURDATE(), 15.8, 20, null, 43, "Fini");
INSERT INTO document(type, documentNumber, date, priceVATExcluded, priceVATIncluded, paymentDeadline, workflowId, status) VALUES ("Bon livraison", 10, CURDATE(),7.9, 10, null, 43, "Fini");
INSERT INTO document(type, documentNumber, date, priceVATExcluded, priceVATIncluded, paymentDeadline, workflowId, status) VALUES ("FactureC", 24, CURDATE(), 15.8, 20, DATE_ADD(date, INTERVAL 2 WEEK), 44, "En cours");
INSERT INTO document(type, documentNumber, date, priceVATExcluded, priceVATIncluded, paymentDeadline, workflowId, status) VALUES ("FactureC", 25, CURDATE(), 15.8, 20, DATE_ADD(date, INTERVAL 2 WEEK), 45, "En cours");
INSERT INTO document(type, documentNumber, date, priceVATExcluded, priceVATIncluded, paymentDeadline, workflowId, status) VALUES ("FactureF", 14, CURDATE(), 39.5, 50, null, 46, "Fini");
INSERT INTO document(type, documentNumber, date, priceVATExcluded, priceVATIncluded, paymentDeadline, workflowId, status) VALUES ("Bon de reçu", 6, CURDATE(), 15.8, 20, null, 46, "Fini");
INSERT INTO document(type, documentNumber, date, priceVATExcluded, priceVATIncluded, paymentDeadline, workflowId, status) VALUES ("FactureF", 15, CURDATE(), 79, 100, DATE_ADD(date, INTERVAL 2 WEEK), 47, "A faire");
INSERT INTO document(type, documentNumber, date, priceVATExcluded, priceVATIncluded, paymentDeadline, workflowId, status) VALUES ("FactureF", 16, CURDATE(), 39.5, 50, null, 48, "Fini");
INSERT INTO document(type, documentNumber, date, priceVATExcluded, priceVATIncluded, paymentDeadline, workflowId, status) VALUES ("Bon de reçu", 7, CURDATE(), 15.8, 20, null, 48, "Fini");
INSERT INTO document(type, documentNumber, date, priceVATExcluded, priceVATIncluded, paymentDeadline, workflowId, status) VALUES ("FactureC", 26, CURDATE(), 15.8, 20, DATE_ADD(date, INTERVAL 2 WEEK), 49, "En cours");
INSERT INTO document(type, documentNumber, date, priceVATExcluded, priceVATIncluded, paymentDeadline, workflowId, status) VALUES ("FactureC", 27, CURDATE(), 15.8, 20, null, 51, "Fini");
INSERT INTO document(type, documentNumber, date, priceVATExcluded, priceVATIncluded, paymentDeadline, workflowId, status) VALUES ("Bon livraison", 11, CURDATE(),7.9, 10, null, 51, "Fini");
INSERT INTO document(type, documentNumber, date, priceVATExcluded, priceVATIncluded, paymentDeadline, workflowId, status) VALUES ("FactureF", 17, CURDATE(), 79, 100, DATE_ADD(date, INTERVAL 2 WEEK), 52, "A faire");
INSERT INTO document(type, documentNumber, date, priceVATExcluded, priceVATIncluded, paymentDeadline, workflowId, status) VALUES ("FactureC", 28, CURDATE(), 15.8, 20, DATE_ADD(date, INTERVAL 2 WEEK), 53, "En cours");
INSERT INTO document(type, documentNumber, date, priceVATExcluded, priceVATIncluded, paymentDeadline, workflowId, status) VALUES ("FactureC", 29, CURDATE(), 15.8, 20, null, 54, "Fini");
INSERT INTO document(type, documentNumber, date, priceVATExcluded, priceVATIncluded, paymentDeadline, workflowId, status) VALUES ("Bon livraison", 12, CURDATE(),7.9, 10, null, 54, "Fini");
INSERT INTO document(type, documentNumber, date, priceVATExcluded, priceVATIncluded, paymentDeadline, workflowId, status) VALUES ("FactureF", 18, CURDATE(), 39.5, 50, DATE_ADD(date, INTERVAL 2 WEEK), 55, "A faire");
INSERT INTO document(type, documentNumber, date, priceVATExcluded, priceVATIncluded, paymentDeadline, workflowId, status) VALUES ("FactureF", 19, CURDATE(), 79, 100, null, 57, "Fini");
INSERT INTO document(type, documentNumber, date, priceVATExcluded, priceVATIncluded, paymentDeadline, workflowId, status) VALUES ("Bon de reçu", 8, CURDATE(), 15.8, 20, null, 57, "Fini");
INSERT INTO document(type, documentNumber, date, priceVATExcluded, priceVATIncluded, paymentDeadline, workflowId, status) VALUES ("FactureF", 20, CURDATE(), 39.5, 50, DATE_ADD(date, INTERVAL 2 WEEK), 58, "A faire");
INSERT INTO product(tag, actualUnitPrice, stockQuantity) VALUES ("Blue milk, 1L 0%", 7, 11);
INSERT INTO product(tag, actualUnitPrice, stockQuantity) VALUES ("Coca-Cola Zero, 33cl 0%", 1.1, 75);
INSERT INTO product(tag, actualUnitPrice, stockQuantity) VALUES ("Coca-Cola Normal, 33cl 0%", 1.1, 75);
INSERT INTO product(tag, actualUnitPrice, stockQuantity) VALUES ("Vodka galactic, 2L 50%", 50, 1);
INSERT INTO product(tag, actualUnitPrice, stockQuantity) VALUES ("Rhum Corellien, 75cl 30%", 20, 5);
INSERT INTO product(tag, actualUnitPrice, stockQuantity) VALUES ("Whisky, 75cl 27%", 18, 20);
INSERT INTO product(tag, actualUnitPrice, stockQuantity) VALUES ("Jupiler, 25cl 4%", 2, 50);
INSERT INTO product(tag, actualUnitPrice, stockQuantity) VALUES ("Elfique IPA, 33cl 6%", 2.5, 30);
INSERT INTO product(tag, actualUnitPrice, stockQuantity) VALUES ("Pack d'ouverture 5L", 20, 100);
INSERT INTO transaction_details(documentType, documentNumber, code, quantity, unitPrice, reference) VALUES ("FactureC", 1, "VPackOuverture", 1, 20, 9);
INSERT INTO transaction_details(documentType, documentNumber, code, quantity, unitPrice, reference) VALUES ("FactureC", 2, "VPackOuverture", 1, 20, 9);
INSERT INTO transaction_details(documentType, documentNumber, code, quantity, unitPrice, reference) VALUES ("FactureC", 3, "VPackOuverture", 1, 20, 9);
INSERT INTO transaction_details(documentType, documentNumber, code, quantity, unitPrice, reference) VALUES ("FactureC", 4, "VPackOuverture", 1, 20, 9);
INSERT INTO transaction_details(documentType, documentNumber, code, quantity, unitPrice, reference) VALUES ("FactureC", 5, "VPackOuverture", 1, 20, 9);
INSERT INTO transaction_details(documentType, documentNumber, code, quantity, unitPrice, reference) VALUES ("FactureC", 6, "VPackOuverture", 1, 20, 9);
INSERT INTO transaction_details(documentType, documentNumber, code, quantity, unitPrice, reference) VALUES ("FactureC", 7, "VPackOuverture", 1, 20, 9);
INSERT INTO transaction_details(documentType, documentNumber, code, quantity, unitPrice, reference) VALUES ("FactureC", 8, "VPackOuverture", 1, 20, 9);
INSERT INTO transaction_details(documentType, documentNumber, code, quantity, unitPrice, reference) VALUES ("FactureC", 9, "VPackOuverture", 1, 20, 9);
INSERT INTO transaction_details(documentType, documentNumber, code, quantity, unitPrice, reference) VALUES ("FactureC", 10, "VPackOuverture", 1, 20, 9);
INSERT INTO transaction_details(documentType, documentNumber, code, quantity, unitPrice, reference) VALUES ("FactureC", 11, "VPackOuverture", 1, 20, 9);
INSERT INTO transaction_details(documentType, documentNumber, code, quantity, unitPrice, reference) VALUES ("FactureC", 12, "VPackOuverture", 1, 20, 9);
INSERT INTO transaction_details(documentType, documentNumber, code, quantity, unitPrice, reference) VALUES ("FactureC", 13, "VPackOuverture", 1, 20, 9);
INSERT INTO transaction_details(documentType, documentNumber, code, quantity, unitPrice, reference) VALUES ("FactureC", 14, "VPackOuverture", 1, 20, 9);
INSERT INTO transaction_details(documentType, documentNumber, code, quantity, unitPrice, reference) VALUES ("FactureC", 15, "VPackOuverture", 1, 20, 9);
INSERT INTO transaction_details(documentType, documentNumber, code, quantity, unitPrice, reference) VALUES ("FactureC", 16, "VPackOuverture", 1, 20, 9);
INSERT INTO transaction_details(documentType, documentNumber, code, quantity, unitPrice, reference) VALUES ("FactureC", 17, "VPackOuverture", 1, 20, 9);
INSERT INTO transaction_details(documentType, documentNumber, code, quantity, unitPrice, reference) VALUES ("FactureC", 18, "VPackOuverture", 1, 20, 9);
INSERT INTO transaction_details(documentType, documentNumber, code, quantity, unitPrice, reference) VALUES ("FactureC", 19, "VPackOuverture", 1, 20, 9);
INSERT INTO transaction_details(documentType, documentNumber, code, quantity, unitPrice, reference) VALUES ("FactureC", 20, "VPackOuverture", 1, 20, 9);
INSERT INTO transaction_details(documentType, documentNumber, code, quantity, unitPrice, reference) VALUES ("FactureC", 21, "VPackOuverture", 1, 20, 9);
INSERT INTO transaction_details(documentType, documentNumber, code, quantity, unitPrice, reference) VALUES ("FactureC", 22, "VPackOuverture", 1, 20, 9);
INSERT INTO transaction_details(documentType, documentNumber, code, quantity, unitPrice, reference) VALUES ("FactureC", 23, "VPackOuverture", 1, 20, 9);
INSERT INTO transaction_details(documentType, documentNumber, code, quantity, unitPrice, reference) VALUES ("FactureC", 24, "VPackOuverture", 1, 20, 9);
INSERT INTO transaction_details(documentType, documentNumber, code, quantity, unitPrice, reference) VALUES ("FactureC", 25, "VPackOuverture", 1, 20, 9);
INSERT INTO transaction_details(documentType, documentNumber, code, quantity, unitPrice, reference) VALUES ("FactureC", 26, "VPackOuverture", 1, 20, 9);
INSERT INTO transaction_details(documentType, documentNumber, code, quantity, unitPrice, reference) VALUES ("FactureC", 27, "VPackOuverture", 1, 20, 9);
INSERT INTO transaction_details(documentType, documentNumber, code, quantity, unitPrice, reference) VALUES ("FactureC", 28, "VPackOuverture", 1, 20, 9);
INSERT INTO transaction_details(documentType, documentNumber, code, quantity, unitPrice, reference) VALUES ("FactureC", 29, "VPackOuverture", 1, 20, 9);
INSERT INTO transaction_details(documentType, documentNumber, code, quantity, unitPrice, reference) VALUES ("FactureF", 1, "APackOuverture", 5, 20, 9);
INSERT INTO transaction_details(documentType, documentNumber, code, quantity, unitPrice, reference) VALUES ("FactureF", 2, "AWhisky", 3, 16.67, 6);
INSERT INTO transaction_details(documentType, documentNumber, code, quantity, unitPrice, reference) VALUES ("FactureF", 3, "AJup33", 50, 2, 7);
INSERT INTO transaction_details(documentType, documentNumber, code, quantity, unitPrice, reference) VALUES ("FactureF", 4, "AElfAPI", 25, 2, 8);
INSERT INTO transaction_details(documentType, documentNumber, code, quantity, unitPrice, reference) VALUES ("FactureF", 5, "APackOuverture", 5, 20, 9);
INSERT INTO transaction_details(documentType, documentNumber, code, quantity, unitPrice, reference) VALUES ("FactureF", 6, "ACCCL0", 50, 1, 2);
INSERT INTO transaction_details(documentType, documentNumber, code, quantity, unitPrice, reference) VALUES ("FactureF", 7, "ACCCL0", 25, 1, 2);
INSERT INTO transaction_details(documentType, documentNumber, code, quantity, unitPrice, reference) VALUES ("FactureF", 7, "ACCCLNorm", 75, 1, 3);
INSERT INTO transaction_details(documentType, documentNumber, code, quantity, unitPrice, reference) VALUES ("FactureF", 8, "AElfAPI", 25, 2, 8);
INSERT INTO transaction_details(documentType, documentNumber, code, quantity, unitPrice, reference) VALUES ("FactureF", 9, "AElfAPI", 50, 2, 8);
INSERT INTO transaction_details(documentType, documentNumber, code, quantity, unitPrice, reference) VALUES ("FactureF", 10, "AJUP33", 25, 2, 7);
INSERT INTO transaction_details(documentType, documentNumber, code, quantity, unitPrice, reference) VALUES ("FactureF", 11, "AVG", 2, 50, 4);
INSERT INTO transaction_details(documentType, documentNumber, code, quantity, unitPrice, reference) VALUES ("FactureF", 12, "ARhumCo", 16.67, 3, 5);
INSERT INTO transaction_details(documentType, documentNumber, code, quantity, unitPrice, reference) VALUES ("FactureF", 13, "AVG", 2, 50, 4);
INSERT INTO transaction_details(documentType, documentNumber, code, quantity, unitPrice, reference) VALUES ("FactureF", 14, "ARhumCo", 16.67, 3, 5);
INSERT INTO transaction_details(documentType, documentNumber, code, quantity, unitPrice, reference) VALUES ("FactureF", 15, "AVG", 2, 50, 4);
INSERT INTO transaction_details(documentType, documentNumber, code, quantity, unitPrice, reference) VALUES ("FactureF", 16, "ARhumCo", 16.67, 3, 5);
INSERT INTO transaction_details(documentType, documentNumber, code, quantity, unitPrice, reference) VALUES ("FactureF", 17, "AVG", 2, 50, 4);
INSERT INTO transaction_details(documentType, documentNumber, code, quantity, unitPrice, reference) VALUES ("FactureF", 18, "ABM", 6.25, 8, 1);
INSERT INTO transaction_details(documentType, documentNumber, code, quantity, unitPrice, reference) VALUES ("FactureF", 19, "ARhumCo", 5, 20, 5);
INSERT INTO transaction_details(documentType, documentNumber, code, quantity, unitPrice, reference) VALUES ("FactureF", 20, "ABM", 6.25, 8, 1);
